<?xml version="1.0" encoding="UTF-8"?>
<root>
  <item name="com.imnjh.imagepicker.SImagePicker com.imnjh.imagepicker.SImagePicker pickMode(int) 0">
    <annotation name="android.support.annotation.IntDef">
      <val name="value" val="{com.imnjh.imagepicker.SImagePicker.MODE_IMAGE, com.imnjh.imagepicker.SImagePicker.MODE_AVATAR}" />
    </annotation>
  </item>
  <item name="com.imnjh.imagepicker.SImagePicker.PickMode">
    <annotation name="android.support.annotation.IntDef">
      <val name="value" val="{com.imnjh.imagepicker.SImagePicker.MODE_IMAGE, com.imnjh.imagepicker.SImagePicker.MODE_AVATAR}" />
    </annotation>
  </item>
</root>

